chain,residue,atom
A,MET,N  
A,MET,CA 
A,MET,C  
A,MET,O  
A,MET,CB 
A,MET,CG 
A,MET,SD 
A,MET,CE 
A,ASN,N  
A,ASN,CA 
A,ASN,C  
A,ASN,O  
A,ASN,CB 
A,ASN,CG 
A,ASN,OD1
A,ASN,ND2
A,ILE,N  
A,ILE,CA 
A,ILE,C  
A,ILE,O  
A,ILE,CB 
A,ILE,CG1
A,ILE,CG2
A,ILE,CD1
A,PHE,N  
A,PHE,CA 
A,PHE,C  
A,PHE,O  
A,PHE,CB 
A,PHE,CG 
A,PHE,CD1
A,PHE,CD2
A,PHE,CE1
A,PHE,CE2
A,PHE,CZ 
A,GLU,N  
A,GLU,CA 
A,GLU,C  
A,GLU,O  
A,GLU,CB 
A,GLU,CG 
A,GLU,CD 
A,GLU,OE1
A,GLU,OE2
A,MET,N  
A,MET,CA 
A,MET,C  
A,MET,O  
A,MET,CB 
A,MET,CG 
A,MET,SD 
A,MET,CE 
A,LEU,N  
A,LEU,CA 
A,LEU,C  
A,LEU,O  
A,LEU,CB 
A,LEU,CG 
A,LEU,CD1
A,LEU,CD2
A,ARG,N  
A,ARG,CA 
A,ARG,C  
A,ARG,O  
A,ARG,CB 
A,ARG,CG 
A,ARG,CD 
A,ARG,NE 
A,ARG,CZ 
A,ARG,NH1
A,ARG,NH2
A,ILE,N  
A,ILE,CA 
A,ILE,C  
A,ILE,O  
A,ILE,CB 
A,ILE,CG1
A,ILE,CG2
A,ILE,CD1
A,ASP,N  
A,ASP,CA 
A,ASP,C  
A,ASP,O  
A,ASP,CB 
A,ASP,CG 
A,ASP,OD1
A,ASP,OD2
A,GLU,N  
A,GLU,CA 
A,GLU,C  
A,GLU,O  
A,GLU,CB 
A,GLU,CG 
A,GLU,CD 
A,GLU,OE1
A,GLU,OE2
A,GLY,N  
A,GLY,CA 
A,GLY,C  
A,GLY,O  
A,LEU,N  
A,LEU,CA 
A,LEU,C  
A,LEU,O  
A,LEU,CB 
A,LEU,CG 
A,LEU,CD1
A,LEU,CD2
A,ARG,N  
A,ARG,CA 
A,ARG,C  
A,ARG,O  
A,ARG,CB 
A,ARG,CG 
A,ARG,CD 
A,ARG,NE 
A,ARG,CZ 
A,ARG,NH1
A,ARG,NH2
A,LEU,N  
A,LEU,CA 
A,LEU,C  
A,LEU,O  
A,LEU,CB 
A,LEU,CG 
A,LEU,CD1
A,LEU,CD2
A,LYS,N  
A,LYS,CA 
A,LYS,C  
A,LYS,O  
A,LYS,CB 
A,LYS,CG 
A,LYS,CD 
A,LYS,CE 
A,LYS,NZ 
A,ILE,N  
A,ILE,CA 
A,ILE,C  
A,ILE,O  
A,ILE,CB 
A,ILE,CG1
A,ILE,CG2
A,ILE,CD1
A,TYR,N  
A,TYR,CA 
A,TYR,C  
A,TYR,O  
A,TYR,CB 
A,TYR,CG 
A,TYR,CD1
A,TYR,CD2
A,TYR,CE1
A,TYR,CE2
A,TYR,CZ 
A,TYR,OH 
A,LYS,N  
A,LYS,CA 
A,LYS,C  
A,LYS,O  
A,LYS,CB 
A,LYS,CG 
A,LYS,CD 
A,LYS,CE 
A,LYS,NZ 
A,ASP,N  
A,ASP,CA 
A,ASP,C  
A,ASP,O  
A,ASP,CB 
A,ASP,CG 
A,ASP,OD1
A,ASP,OD2
A,THR,N  
A,THR,CA 
A,THR,C  
A,THR,O  
A,THR,CB 
A,THR,OG1
A,THR,CG2
A,GLU,N  
A,GLU,CA 
A,GLU,C  
A,GLU,O  
A,GLU,CB 
A,GLU,CG 
A,GLU,CD 
A,GLU,OE1
A,GLU,OE2
A,GLY,N  
A,GLY,CA 
A,GLY,C  
A,GLY,O  
A,TYR,N  
A,TYR,CA 
A,TYR,C  
A,TYR,O  
A,TYR,CB 
A,TYR,CG 
A,TYR,CD1
A,TYR,CD2
A,TYR,CE1
A,TYR,CE2
A,TYR,CZ 
A,TYR,OH 
A,TYR,N  
A,TYR,CA 
A,TYR,C  
A,TYR,O  
A,TYR,CB 
A,TYR,CG 
A,TYR,CD1
A,TYR,CD2
A,TYR,CE1
A,TYR,CE2
A,TYR,CZ 
A,TYR,OH 
A,THR,N  
A,THR,CA 
A,THR,C  
A,THR,O  
A,THR,CB 
A,THR,OG1
A,THR,CG2
A,ILE,N  
A,ILE,CA 
A,ILE,C  
A,ILE,O  
A,ILE,CB 
A,ILE,CG1
A,ILE,CG2
A,ILE,CD1
A,GLY,N  
A,GLY,CA 
A,GLY,C  
A,GLY,O  
A,ILE,N  
A,ILE,CA 
A,ILE,C  
A,ILE,O  
A,ILE,CB 
A,ILE,CG1
A,ILE,CG2
A,ILE,CD1
A,GLY,N  
A,GLY,CA 
A,GLY,C  
A,GLY,O  
A,HIS,N  
A,HIS,CA 
A,HIS,C  
A,HIS,O  
A,HIS,CB 
A,HIS,CG 
A,HIS,ND1
A,HIS,CD2
A,HIS,CE1
A,HIS,NE2
A,LEU,N  
A,LEU,CA 
A,LEU,C  
A,LEU,O  
A,LEU,CB 
A,LEU,CG 
A,LEU,CD1
A,LEU,CD2
A,LEU,N  
A,LEU,CA 
A,LEU,C  
A,LEU,O  
A,LEU,CB 
A,LEU,CG 
A,LEU,CD1
A,LEU,CD2
A,THR,N  
A,THR,CA 
A,THR,C  
A,THR,O  
A,THR,CB 
A,THR,OG1
A,THR,CG2
A,LYS,N  
A,LYS,CA 
A,LYS,C  
A,LYS,O  
A,LYS,CB 
A,LYS,CG 
A,LYS,CD 
A,LYS,CE 
A,LYS,NZ 
A,SER,N  
A,SER,CA 
A,SER,C  
A,SER,O  
A,SER,CB 
A,SER,OG 
A,PRO,N  
A,PRO,CA 
A,PRO,C  
A,PRO,O  
A,PRO,CB 
A,PRO,CG 
A,PRO,CD 
A,SER,N  
A,SER,CA 
A,SER,C  
A,SER,O  
A,SER,CB 
A,SER,OG 
A,LEU,N  
A,LEU,CA 
A,LEU,C  
A,LEU,O  
A,LEU,CB 
A,LEU,CG 
A,LEU,CD1
A,LEU,CD2
A,ASN,N  
A,ASN,CA 
A,ASN,C  
A,ASN,O  
A,ASN,CB 
A,ASN,CG 
A,ASN,OD1
A,ASN,ND2
A,ALA,N  
A,ALA,CA 
A,ALA,C  
A,ALA,O  
A,ALA,CB 
A,ALA,N  
A,ALA,CA 
A,ALA,C  
A,ALA,O  
A,ALA,CB 
A,LYS,N  
A,LYS,CA 
A,LYS,C  
A,LYS,O  
A,LYS,CB 
A,LYS,CG 
A,LYS,CD 
A,LYS,CE 
A,LYS,NZ 
A,SER,N  
A,SER,CA 
A,SER,C  
A,SER,O  
A,SER,CB 
A,SER,OG 
A,ALA,N  
A,ALA,CA 
A,ALA,C  
A,ALA,O  
A,ALA,CB 
A,ALA,N  
A,ALA,CA 
A,ALA,C  
A,ALA,O  
A,ALA,CB 
A,GLU,N  
A,GLU,CA 
A,GLU,C  
A,GLU,O  
A,GLU,CB 
A,GLU,CG 
A,GLU,CD 
A,GLU,OE1
A,GLU,OE2
A,LEU,N  
A,LEU,CA 
A,LEU,C  
A,LEU,O  
A,LEU,CB 
A,LEU,CG 
A,LEU,CD1
A,LEU,CD2
A,ASP,N  
A,ASP,CA 
A,ASP,C  
A,ASP,O  
A,ASP,CB 
A,ASP,CG 
A,ASP,OD1
A,ASP,OD2
A,LYS,N  
A,LYS,CA 
A,LYS,C  
A,LYS,O  
A,LYS,CB 
A,LYS,CG 
A,LYS,CD 
A,LYS,CE 
A,LYS,NZ 
A,ALA,N  
A,ALA,CA 
A,ALA,C  
A,ALA,O  
A,ALA,CB 
A,ILE,N  
A,ILE,CA 
A,ILE,C  
A,ILE,O  
A,ILE,CB 
A,ILE,CG1
A,ILE,CG2
A,ILE,CD1
A,GLY,N  
A,GLY,CA 
A,GLY,C  
A,GLY,O  
A,ARG,N  
A,ARG,CA 
A,ARG,C  
A,ARG,O  
A,ARG,CB 
A,ARG,CG 
A,ARG,CD 
A,ARG,NE 
A,ARG,CZ 
A,ARG,NH1
A,ARG,NH2
A,ASN,N  
A,ASN,CA 
A,ASN,C  
A,ASN,O  
A,ASN,CB 
A,ASN,CG 
A,ASN,OD1
A,ASN,ND2
A,THR,N  
A,THR,CA 
A,THR,C  
A,THR,O  
A,THR,CB 
A,THR,OG1
A,THR,CG2
A,ASN,N  
A,ASN,CA 
A,ASN,C  
A,ASN,O  
A,ASN,CB 
A,ASN,CG 
A,ASN,OD1
A,ASN,ND2
A,GLY,N  
A,GLY,CA 
A,GLY,C  
A,GLY,O  
A,VAL,N  
A,VAL,CA 
A,VAL,C  
A,VAL,O  
A,VAL,CB 
A,VAL,CG1
A,VAL,CG2
A,ILE,N  
A,ILE,CA 
A,ILE,C  
A,ILE,O  
A,ILE,CB 
A,ILE,CG1
A,ILE,CG2
A,ILE,CD1
A,THR,N  
A,THR,CA 
A,THR,C  
A,THR,O  
A,THR,CB 
A,THR,OG1
A,THR,CG2
A,LYS,N  
A,LYS,CA 
A,LYS,C  
A,LYS,O  
A,LYS,CB 
A,LYS,CG 
A,LYS,CD 
A,LYS,CE 
A,LYS,NZ 
A,ASP,N  
A,ASP,CA 
A,ASP,C  
A,ASP,O  
A,ASP,CB 
A,ASP,CG 
A,ASP,OD1
A,ASP,OD2
A,GLU,N  
A,GLU,CA 
A,GLU,C  
A,GLU,O  
A,GLU,CB 
A,GLU,CG 
A,GLU,CD 
A,GLU,OE1
A,GLU,OE2
A,ALA,N  
A,ALA,CA 
A,ALA,C  
A,ALA,O  
A,ALA,CB 
A,GLU,N  
A,GLU,CA 
A,GLU,C  
A,GLU,O  
A,GLU,CB 
A,GLU,CG 
A,GLU,CD 
A,GLU,OE1
A,GLU,OE2
A,LYS,N  
A,LYS,CA 
A,LYS,C  
A,LYS,O  
A,LYS,CB 
A,LYS,CG 
A,LYS,CD 
A,LYS,CE 
A,LYS,NZ 
A,LEU,N  
A,LEU,CA 
A,LEU,C  
A,LEU,O  
A,LEU,CB 
A,LEU,CG 
A,LEU,CD1
A,LEU,CD2
A,PHE,N  
A,PHE,CA 
A,PHE,C  
A,PHE,O  
A,PHE,CB 
A,PHE,CG 
A,PHE,CD1
A,PHE,CD2
A,PHE,CE1
A,PHE,CE2
A,PHE,CZ 
A,ASN,N  
A,ASN,CA 
A,ASN,C  
A,ASN,O  
A,ASN,CB 
A,ASN,CG 
A,ASN,OD1
A,ASN,ND2
A,GLN,N  
A,GLN,CA 
A,GLN,C  
A,GLN,O  
A,GLN,CB 
A,GLN,CG 
A,GLN,CD 
A,GLN,OE1
A,GLN,NE2
A,ASP,N  
A,ASP,CA 
A,ASP,C  
A,ASP,O  
A,ASP,CB 
A,ASP,CG 
A,ASP,OD1
A,ASP,OD2
A,VAL,N  
A,VAL,CA 
A,VAL,C  
A,VAL,O  
A,VAL,CB 
A,VAL,CG1
A,VAL,CG2
A,ASP,N  
A,ASP,CA 
A,ASP,C  
A,ASP,O  
A,ASP,CB 
A,ASP,CG 
A,ASP,OD1
A,ASP,OD2
A,ALA,N  
A,ALA,CA 
A,ALA,C  
A,ALA,O  
A,ALA,CB 
A,ALA,N  
A,ALA,CA 
A,ALA,C  
A,ALA,O  
A,ALA,CB 
A,VAL,N  
A,VAL,CA 
A,VAL,C  
A,VAL,O  
A,VAL,CB 
A,VAL,CG1
A,VAL,CG2
A,ARG,N  
A,ARG,CA 
A,ARG,C  
A,ARG,O  
A,ARG,CB 
A,ARG,CG 
A,ARG,CD 
A,ARG,NE 
A,ARG,CZ 
A,ARG,NH1
A,ARG,NH2
A,GLY,N  
A,GLY,CA 
A,GLY,C  
A,GLY,O  
A,ILE,N  
A,ILE,CA 
A,ILE,C  
A,ILE,O  
A,ILE,CB 
A,ILE,CG1
A,ILE,CG2
A,ILE,CD1
A,LEU,N  
A,LEU,CA 
A,LEU,C  
A,LEU,O  
A,LEU,CB 
A,LEU,CG 
A,LEU,CD1
A,LEU,CD2
A,ARG,N  
A,ARG,CA 
A,ARG,C  
A,ARG,O  
A,ARG,CB 
A,ARG,CG 
A,ARG,CD 
A,ARG,NE 
A,ARG,CZ 
A,ARG,NH1
A,ARG,NH2
A,ASN,N  
A,ASN,CA 
A,ASN,C  
A,ASN,O  
A,ASN,CB 
A,ASN,CG 
A,ASN,OD1
A,ASN,ND2
A,ALA,N  
A,ALA,CA 
A,ALA,C  
A,ALA,O  
A,ALA,CB 
A,LYS,N  
A,LYS,CA 
A,LYS,C  
A,LYS,O  
A,LYS,CB 
A,LYS,CG 
A,LYS,CD 
A,LYS,CE 
A,LYS,NZ 
A,LEU,N  
A,LEU,CA 
A,LEU,C  
A,LEU,O  
A,LEU,CB 
A,LEU,CG 
A,LEU,CD1
A,LEU,CD2
A,LYS,N  
A,LYS,CA 
A,LYS,C  
A,LYS,O  
A,LYS,CB 
A,LYS,CG 
A,LYS,CD 
A,LYS,CE 
A,LYS,NZ 
A,PRO,N  
A,PRO,CA 
A,PRO,C  
A,PRO,O  
A,PRO,CB 
A,PRO,CG 
A,PRO,CD 
A,VAL,N  
A,VAL,CA 
A,VAL,C  
A,VAL,O  
A,VAL,CB 
A,VAL,CG1
A,VAL,CG2
A,TYR,N  
A,TYR,CA 
A,TYR,C  
A,TYR,O  
A,TYR,CB 
A,TYR,CG 
A,TYR,CD1
A,TYR,CD2
A,TYR,CE1
A,TYR,CE2
A,TYR,CZ 
A,TYR,OH 
A,ASP,N  
A,ASP,CA 
A,ASP,C  
A,ASP,O  
A,ASP,CB 
A,ASP,CG 
A,ASP,OD1
A,ASP,OD2
A,SER,N  
A,SER,CA 
A,SER,C  
A,SER,O  
A,SER,CB 
A,SER,OG 
A,LEU,N  
A,LEU,CA 
A,LEU,C  
A,LEU,O  
A,LEU,CB 
A,LEU,CG 
A,LEU,CD1
A,LEU,CD2
A,ASP,N  
A,ASP,CA 
A,ASP,C  
A,ASP,O  
A,ASP,CB 
A,ASP,CG 
A,ASP,OD1
A,ASP,OD2
A,ALA,N  
A,ALA,CA 
A,ALA,C  
A,ALA,O  
A,ALA,CB 
A,VAL,N  
A,VAL,CA 
A,VAL,C  
A,VAL,O  
A,VAL,CB 
A,VAL,CG1
A,VAL,CG2
A,ARG,N  
A,ARG,CA 
A,ARG,C  
A,ARG,O  
A,ARG,CB 
A,ARG,CG 
A,ARG,CD 
A,ARG,NE 
A,ARG,CZ 
A,ARG,NH1
A,ARG,NH2
A,ARG,N  
A,ARG,CA 
A,ARG,C  
A,ARG,O  
A,ARG,CB 
A,ARG,CG 
A,ARG,CD 
A,ARG,NE 
A,ARG,CZ 
A,ARG,NH1
A,ARG,NH2
A,ALA,N  
A,ALA,CA 
A,ALA,C  
A,ALA,O  
A,ALA,CB 
A,ALA,N  
A,ALA,CA 
A,ALA,C  
A,ALA,O  
A,ALA,CB 
A,LEU,N  
A,LEU,CA 
A,LEU,C  
A,LEU,O  
A,LEU,CB 
A,LEU,CG 
A,LEU,CD1
A,LEU,CD2
A,ILE,N  
A,ILE,CA 
A,ILE,C  
A,ILE,O  
A,ILE,CB 
A,ILE,CG1
A,ILE,CG2
A,ILE,CD1
A,ASN,N  
A,ASN,CA 
A,ASN,C  
A,ASN,O  
A,ASN,CB 
A,ASN,CG 
A,ASN,OD1
A,ASN,ND2
A,MET,N  
A,MET,CA 
A,MET,C  
A,MET,O  
A,MET,CB 
A,MET,CG 
A,MET,SD 
A,MET,CE 
A,VAL,N  
A,VAL,CA 
A,VAL,C  
A,VAL,O  
A,VAL,CB 
A,VAL,CG1
A,VAL,CG2
A,PHE,N  
A,PHE,CA 
A,PHE,C  
A,PHE,O  
A,PHE,CB 
A,PHE,CG 
A,PHE,CD1
A,PHE,CD2
A,PHE,CE1
A,PHE,CE2
A,PHE,CZ 
A,GLN,N  
A,GLN,CA 
A,GLN,C  
A,GLN,O  
A,GLN,CB 
A,GLN,CG 
A,GLN,CD 
A,GLN,OE1
A,GLN,NE2
A,MET,N  
A,MET,CA 
A,MET,C  
A,MET,O  
A,MET,CB 
A,MET,CG 
A,MET,SD 
A,MET,CE 
A,GLY,N  
A,GLY,CA 
A,GLY,C  
A,GLY,O  
A,GLU,N  
A,GLU,CA 
A,GLU,C  
A,GLU,O  
A,GLU,CB 
A,GLU,CG 
A,GLU,CD 
A,GLU,OE1
A,GLU,OE2
A,THR,N  
A,THR,CA 
A,THR,C  
A,THR,O  
A,THR,CB 
A,THR,OG1
A,THR,CG2
A,GLY,N  
A,GLY,CA 
A,GLY,C  
A,GLY,O  
A,VAL,N  
A,VAL,CA 
A,VAL,C  
A,VAL,O  
A,VAL,CB 
A,VAL,CG1
A,VAL,CG2
A,ALA,N  
A,ALA,CA 
A,ALA,C  
A,ALA,O  
A,ALA,CB 
A,GLY,N  
A,GLY,CA 
A,GLY,C  
A,GLY,O  
A,PHE,N  
A,PHE,CA 
A,PHE,C  
A,PHE,O  
A,PHE,CB 
A,PHE,CG 
A,PHE,CD1
A,PHE,CD2
A,PHE,CE1
A,PHE,CE2
A,PHE,CZ 
A,THR,N  
A,THR,CA 
A,THR,C  
A,THR,O  
A,THR,CB 
A,THR,OG1
A,THR,CG2
A,ASN,N  
A,ASN,CA 
A,ASN,C  
A,ASN,O  
A,ASN,CB 
A,ASN,CG 
A,ASN,OD1
A,ASN,ND2
A,SER,N  
A,SER,CA 
A,SER,C  
A,SER,O  
A,SER,CB 
A,SER,OG 
A,LEU,N  
A,LEU,CA 
A,LEU,C  
A,LEU,O  
A,LEU,CB 
A,LEU,CG 
A,LEU,CD1
A,LEU,CD2
A,ARG,N  
A,ARG,CA 
A,ARG,C  
A,ARG,O  
A,ARG,CB 
A,ARG,CG 
A,ARG,CD 
A,ARG,NE 
A,ARG,CZ 
A,ARG,NH1
A,ARG,NH2
A,MET,N  
A,MET,CA 
A,MET,C  
A,MET,O  
A,MET,CB 
A,MET,CG 
A,MET,SD 
A,MET,CE 
A,LEU,N  
A,LEU,CA 
A,LEU,C  
A,LEU,O  
A,LEU,CB 
A,LEU,CG 
A,LEU,CD1
A,LEU,CD2
A,GLN,N  
A,GLN,CA 
A,GLN,C  
A,GLN,O  
A,GLN,CB 
A,GLN,CG 
A,GLN,CD 
A,GLN,OE1
A,GLN,NE2
A,GLN,N  
A,GLN,CA 
A,GLN,C  
A,GLN,O  
A,GLN,CB 
A,GLN,CG 
A,GLN,CD 
A,GLN,OE1
A,GLN,NE2
A,LYS,N  
A,LYS,CA 
A,LYS,C  
A,LYS,O  
A,LYS,CB 
A,LYS,CG 
A,LYS,CD 
A,LYS,CE 
A,LYS,NZ 
A,ARG,N  
A,ARG,CA 
A,ARG,C  
A,ARG,O  
A,ARG,CB 
A,ARG,CG 
A,ARG,CD 
A,ARG,NE 
A,ARG,CZ 
A,ARG,NH1
A,ARG,NH2
A,TRP,N  
A,TRP,CA 
A,TRP,C  
A,TRP,O  
A,TRP,CB 
A,TRP,CG 
A,TRP,CD1
A,TRP,CD2
A,TRP,NE1
A,TRP,CE2
A,TRP,CE3
A,TRP,CZ2
A,TRP,CZ3
A,TRP,CH2
A,ASP,N  
A,ASP,CA 
A,ASP,C  
A,ASP,O  
A,ASP,CB 
A,ASP,CG 
A,ASP,OD1
A,ASP,OD2
A,GLU,N  
A,GLU,CA 
A,GLU,C  
A,GLU,O  
A,GLU,CB 
A,GLU,CG 
A,GLU,CD 
A,GLU,OE1
A,GLU,OE2
A,ALA,N  
A,ALA,CA 
A,ALA,C  
A,ALA,O  
A,ALA,CB 
A,ALA,N  
A,ALA,CA 
A,ALA,C  
A,ALA,O  
A,ALA,CB 
A,VAL,N  
A,VAL,CA 
A,VAL,C  
A,VAL,O  
A,VAL,CB 
A,VAL,CG1
A,VAL,CG2
A,ASN,N  
A,ASN,CA 
A,ASN,C  
A,ASN,O  
A,ASN,CB 
A,ASN,CG 
A,ASN,OD1
A,ASN,ND2
A,LEU,N  
A,LEU,CA 
A,LEU,C  
A,LEU,O  
A,LEU,CB 
A,LEU,CG 
A,LEU,CD1
A,LEU,CD2
A,ALA,N  
A,ALA,CA 
A,ALA,C  
A,ALA,O  
A,ALA,CB 
A,LYS,N  
A,LYS,CA 
A,LYS,C  
A,LYS,O  
A,LYS,CB 
A,LYS,CG 
A,LYS,CD 
A,LYS,CE 
A,LYS,NZ 
A,SER,N  
A,SER,CA 
A,SER,C  
A,SER,O  
A,SER,CB 
A,SER,OG 
A,ARG,N  
A,ARG,CA 
A,ARG,C  
A,ARG,O  
A,ARG,CB 
A,ARG,CG 
A,ARG,CD 
A,ARG,NE 
A,ARG,CZ 
A,ARG,NH1
A,ARG,NH2
A,TRP,N  
A,TRP,CA 
A,TRP,C  
A,TRP,O  
A,TRP,CB 
A,TRP,CG 
A,TRP,CD1
A,TRP,CD2
A,TRP,NE1
A,TRP,CE2
A,TRP,CE3
A,TRP,CZ2
A,TRP,CZ3
A,TRP,CH2
A,TYR,N  
A,TYR,CA 
A,TYR,C  
A,TYR,O  
A,TYR,CB 
A,TYR,CG 
A,TYR,CD1
A,TYR,CD2
A,TYR,CE1
A,TYR,CE2
A,TYR,CZ 
A,TYR,OH 
A,ASN,N  
A,ASN,CA 
A,ASN,C  
A,ASN,O  
A,ASN,CB 
A,ASN,CG 
A,ASN,OD1
A,ASN,ND2
A,GLN,N  
A,GLN,CA 
A,GLN,C  
A,GLN,O  
A,GLN,CB 
A,GLN,CG 
A,GLN,CD 
A,GLN,OE1
A,GLN,NE2
A,THR,N  
A,THR,CA 
A,THR,C  
A,THR,O  
A,THR,CB 
A,THR,OG1
A,THR,CG2
A,PRO,N  
A,PRO,CA 
A,PRO,C  
A,PRO,O  
A,PRO,CB 
A,PRO,CG 
A,PRO,CD 
A,ASN,N  
A,ASN,CA 
A,ASN,C  
A,ASN,O  
A,ASN,CB 
A,ASN,CG 
A,ASN,OD1
A,ASN,ND2
A,ARG,N  
A,ARG,CA 
A,ARG,C  
A,ARG,O  
A,ARG,CB 
A,ARG,CG 
A,ARG,CD 
A,ARG,NE 
A,ARG,CZ 
A,ARG,NH1
A,ARG,NH2
A,ALA,N  
A,ALA,CA 
A,ALA,C  
A,ALA,O  
A,ALA,CB 
A,LYS,N  
A,LYS,CA 
A,LYS,C  
A,LYS,O  
A,LYS,CB 
A,LYS,CG 
A,LYS,CD 
A,LYS,CE 
A,LYS,NZ 
A,ARG,N  
A,ARG,CA 
A,ARG,C  
A,ARG,O  
A,ARG,CB 
A,ARG,CG 
A,ARG,CD 
A,ARG,NE 
A,ARG,CZ 
A,ARG,NH1
A,ARG,NH2
A,VAL,N  
A,VAL,CA 
A,VAL,C  
A,VAL,O  
A,VAL,CB 
A,VAL,CG1
A,VAL,CG2
A,ILE,N  
A,ILE,CA 
A,ILE,C  
A,ILE,O  
A,ILE,CB 
A,ILE,CG1
A,ILE,CG2
A,ILE,CD1
A,THR,N  
A,THR,CA 
A,THR,C  
A,THR,O  
A,THR,CB 
A,THR,OG1
A,THR,CG2
A,THR,N  
A,THR,CA 
A,THR,C  
A,THR,O  
A,THR,CB 
A,THR,OG1
A,THR,CG2
A,PHE,N  
A,PHE,CA 
A,PHE,C  
A,PHE,O  
A,PHE,CB 
A,PHE,CG 
A,PHE,CD1
A,PHE,CD2
A,PHE,CE1
A,PHE,CE2
A,PHE,CZ 
A,ARG,N  
A,ARG,CA 
A,ARG,C  
A,ARG,O  
A,ARG,CB 
A,ARG,CG 
A,ARG,CD 
A,ARG,NE 
A,ARG,CZ 
A,ARG,NH1
A,ARG,NH2
A,THR,N  
A,THR,CA 
A,THR,C  
A,THR,O  
A,THR,CB 
A,THR,OG1
A,THR,CG2
A,GLY,N  
A,GLY,CA 
A,GLY,C  
A,GLY,O  
A,THR,N  
A,THR,CA 
A,THR,C  
A,THR,O  
A,THR,CB 
A,THR,OG1
A,THR,CG2
A,TRP,N  
A,TRP,CA 
A,TRP,C  
A,TRP,O  
A,TRP,CB 
A,TRP,CG 
A,TRP,CD1
A,TRP,CD2
A,TRP,NE1
A,TRP,CE2
A,TRP,CE3
A,TRP,CZ2
A,TRP,CZ3
A,TRP,CH2
A,ASP,N  
A,ASP,CA 
A,ASP,C  
A,ASP,O  
A,ASP,CB 
A,ASP,CG 
A,ASP,OD1
A,ASP,OD2
A,ALA,N  
A,ALA,CA 
A,ALA,C  
A,ALA,O  
A,ALA,CB 
A,TYR,N  
A,TYR,CA 
A,TYR,C  
A,TYR,O  
A,TYR,CB 
A,TYR,CG 
A,TYR,CD1
A,TYR,CD2
A,TYR,CE1
A,TYR,CE2
A,TYR,CZ 
A,TYR,OH 
A,LYS,N  
A,LYS,CA 
A,LYS,C  
A,LYS,O  
A,LYS,CB 
A,LYS,CG 
A,LYS,CD 
A,LYS,CE 
A,LYS,NZ 
A,LYS,   
B,MET,N  
B,MET,CA 
B,MET,C  
B,MET,O  
B,MET,CB 
B,MET,CG 
B,MET,SD 
B,MET,CE 
B,ASN,N  
B,ASN,CA 
B,ASN,C  
B,ASN,O  
B,ASN,CB 
B,ASN,CG 
B,ASN,OD1
B,ASN,ND2
B,ILE,N  
B,ILE,CA 
B,ILE,C  
B,ILE,O  
B,ILE,CB 
B,ILE,CG1
B,ILE,CG2
B,ILE,CD1
B,PHE,N  
B,PHE,CA 
B,PHE,C  
B,PHE,O  
B,PHE,CB 
B,PHE,CG 
B,PHE,CD1
B,PHE,CD2
B,PHE,CE1
B,PHE,CE2
B,PHE,CZ 
B,GLU,N  
B,GLU,CA 
B,GLU,C  
B,GLU,O  
B,GLU,CB 
B,GLU,CG 
B,GLU,CD 
B,GLU,OE1
B,GLU,OE2
B,MET,N  
B,MET,CA 
B,MET,C  
B,MET,O  
B,MET,CB 
B,MET,CG 
B,MET,SD 
B,MET,CE 
B,LEU,N  
B,LEU,CA 
B,LEU,C  
B,LEU,O  
B,LEU,CB 
B,LEU,CG 
B,LEU,CD1
B,LEU,CD2
B,ARG,N  
B,ARG,CA 
B,ARG,C  
B,ARG,O  
B,ARG,CB 
B,ARG,CG 
B,ARG,CD 
B,ARG,NE 
B,ARG,CZ 
B,ARG,NH1
B,ARG,NH2
B,ILE,N  
B,ILE,CA 
B,ILE,C  
B,ILE,O  
B,ILE,CB 
B,ILE,CG1
B,ILE,CG2
B,ILE,CD1
B,ASP,N  
B,ASP,CA 
B,ASP,C  
B,ASP,O  
B,ASP,CB 
B,ASP,CG 
B,ASP,OD1
B,ASP,OD2
B,GLU,N  
B,GLU,CA 
B,GLU,C  
B,GLU,O  
B,GLU,CB 
B,GLU,CG 
B,GLU,CD 
B,GLU,OE1
B,GLU,OE2
B,GLY,N  
B,GLY,CA 
B,GLY,C  
B,GLY,O  
B,LEU,N  
B,LEU,CA 
B,LEU,C  
B,LEU,O  
B,LEU,CB 
B,LEU,CG 
B,LEU,CD1
B,LEU,CD2
B,ARG,N  
B,ARG,CA 
B,ARG,C  
B,ARG,O  
B,ARG,CB 
B,ARG,CG 
B,ARG,CD 
B,ARG,NE 
B,ARG,CZ 
B,ARG,NH1
B,ARG,NH2
B,LEU,N  
B,LEU,CA 
B,LEU,C  
B,LEU,O  
B,LEU,CB 
B,LEU,CG 
B,LEU,CD1
B,LEU,CD2
B,LYS,N  
B,LYS,CA 
B,LYS,C  
B,LYS,O  
B,LYS,CB 
B,LYS,CG 
B,LYS,CD 
B,LYS,CE 
B,LYS,NZ 
B,ILE,N  
B,ILE,CA 
B,ILE,C  
B,ILE,O  
B,ILE,CB 
B,ILE,CG1
B,ILE,CG2
B,ILE,CD1
B,TYR,N  
B,TYR,CA 
B,TYR,C  
B,TYR,O  
B,TYR,CB 
B,TYR,CG 
B,TYR,CD1
B,TYR,CD2
B,TYR,CE1
B,TYR,CE2
B,TYR,CZ 
B,TYR,OH 
B,LYS,N  
B,LYS,CA 
B,LYS,C  
B,LYS,O  
B,LYS,CB 
B,LYS,CG 
B,LYS,CD 
B,LYS,CE 
B,LYS,NZ 
B,ASP,N  
B,ASP,CA 
B,ASP,C  
B,ASP,O  
B,ASP,CB 
B,ASP,CG 
B,ASP,OD1
B,ASP,OD2
B,THR,N  
B,THR,CA 
B,THR,C  
B,THR,O  
B,THR,CB 
B,THR,OG1
B,THR,CG2
B,GLU,N  
B,GLU,CA 
B,GLU,C  
B,GLU,O  
B,GLU,CB 
B,GLU,CG 
B,GLU,CD 
B,GLU,OE1
B,GLU,OE2
B,GLY,N  
B,GLY,CA 
B,GLY,C  
B,GLY,O  
B,TYR,N  
B,TYR,CA 
B,TYR,C  
B,TYR,O  
B,TYR,CB 
B,TYR,CG 
B,TYR,CD1
B,TYR,CD2
B,TYR,CE1
B,TYR,CE2
B,TYR,CZ 
B,TYR,OH 
B,TYR,N  
B,TYR,CA 
B,TYR,C  
B,TYR,O  
B,TYR,CB 
B,TYR,CG 
B,TYR,CD1
B,TYR,CD2
B,TYR,CE1
B,TYR,CE2
B,TYR,CZ 
B,TYR,OH 
B,THR,N  
B,THR,CA 
B,THR,C  
B,THR,O  
B,THR,CB 
B,THR,OG1
B,THR,CG2
B,ILE,N  
B,ILE,CA 
B,ILE,C  
B,ILE,O  
B,ILE,CB 
B,ILE,CG1
B,ILE,CG2
B,ILE,CD1
B,GLY,N  
B,GLY,CA 
B,GLY,C  
B,GLY,O  
B,ILE,N  
B,ILE,CA 
B,ILE,C  
B,ILE,O  
B,ILE,CB 
B,ILE,CG1
B,ILE,CG2
B,ILE,CD1
B,GLY,N  
B,GLY,CA 
B,GLY,C  
B,GLY,O  
B,HIS,N  
B,HIS,CA 
B,HIS,C  
B,HIS,O  
B,HIS,CB 
B,HIS,CG 
B,HIS,ND1
B,HIS,CD2
B,HIS,CE1
B,HIS,NE2
B,LEU,N  
B,LEU,CA 
B,LEU,C  
B,LEU,O  
B,LEU,CB 
B,LEU,CG 
B,LEU,CD1
B,LEU,CD2
B,LEU,N  
B,LEU,CA 
B,LEU,C  
B,LEU,O  
B,LEU,CB 
B,LEU,CG 
B,LEU,CD1
B,LEU,CD2
B,THR,N  
B,THR,CA 
B,THR,C  
B,THR,O  
B,THR,CB 
B,THR,OG1
B,THR,CG2
B,LYS,N  
B,LYS,CA 
B,LYS,C  
B,LYS,O  
B,LYS,CB 
B,LYS,CG 
B,LYS,CD 
B,LYS,CE 
B,LYS,NZ 
B,SER,N  
B,SER,CA 
B,SER,C  
B,SER,O  
B,SER,CB 
B,SER,OG 
B,PRO,N  
B,PRO,CA 
B,PRO,C  
B,PRO,O  
B,PRO,CB 
B,PRO,CG 
B,PRO,CD 
B,SER,N  
B,SER,CA 
B,SER,C  
B,SER,O  
B,SER,CB 
B,SER,OG 
B,LEU,N  
B,LEU,CA 
B,LEU,C  
B,LEU,O  
B,LEU,CB 
B,LEU,CG 
B,LEU,CD1
B,LEU,CD2
B,ASN,N  
B,ASN,CA 
B,ASN,C  
B,ASN,O  
B,ASN,CB 
B,ASN,CG 
B,ASN,OD1
B,ASN,ND2
B,ALA,N  
B,ALA,CA 
B,ALA,C  
B,ALA,O  
B,ALA,CB 
B,ALA,N  
B,ALA,CA 
B,ALA,C  
B,ALA,O  
B,ALA,CB 
B,LYS,N  
B,LYS,CA 
B,LYS,C  
B,LYS,O  
B,LYS,CB 
B,LYS,CG 
B,LYS,CD 
B,LYS,CE 
B,LYS,NZ 
B,SER,N  
B,SER,CA 
B,SER,C  
B,SER,O  
B,SER,CB 
B,SER,OG 
B,ALA,N  
B,ALA,CA 
B,ALA,C  
B,ALA,O  
B,ALA,CB 
B,ALA,N  
B,ALA,CA 
B,ALA,C  
B,ALA,O  
B,ALA,CB 
B,GLU,N  
B,GLU,CA 
B,GLU,C  
B,GLU,O  
B,GLU,CB 
B,GLU,CG 
B,GLU,CD 
B,GLU,OE1
B,GLU,OE2
B,LEU,N  
B,LEU,CA 
B,LEU,C  
B,LEU,O  
B,LEU,CB 
B,LEU,CG 
B,LEU,CD1
B,LEU,CD2
B,ASP,N  
B,ASP,CA 
B,ASP,C  
B,ASP,O  
B,ASP,CB 
B,ASP,CG 
B,ASP,OD1
B,ASP,OD2
B,LYS,N  
B,LYS,CA 
B,LYS,C  
B,LYS,O  
B,LYS,CB 
B,LYS,CG 
B,LYS,CD 
B,LYS,CE 
B,LYS,NZ 
B,ALA,N  
B,ALA,CA 
B,ALA,C  
B,ALA,O  
B,ALA,CB 
B,ILE,N  
B,ILE,CA 
B,ILE,C  
B,ILE,O  
B,ILE,CB 
B,ILE,CG1
B,ILE,CG2
B,ILE,CD1
B,GLY,N  
B,GLY,CA 
B,GLY,C  
B,GLY,O  
B,ARG,N  
B,ARG,CA 
B,ARG,C  
B,ARG,O  
B,ARG,CB 
B,ARG,CG 
B,ARG,CD 
B,ARG,NE 
B,ARG,CZ 
B,ARG,NH1
B,ARG,NH2
B,ASN,N  
B,ASN,CA 
B,ASN,C  
B,ASN,O  
B,ASN,CB 
B,ASN,CG 
B,ASN,OD1
B,ASN,ND2
B,THR,N  
B,THR,CA 
B,THR,C  
B,THR,O  
B,THR,CB 
B,THR,OG1
B,THR,CG2
B,ASN,N  
B,ASN,CA 
B,ASN,C  
B,ASN,O  
B,ASN,CB 
B,ASN,CG 
B,ASN,OD1
B,ASN,ND2
B,GLY,N  
B,GLY,CA 
B,GLY,C  
B,GLY,O  
B,VAL,N  
B,VAL,CA 
B,VAL,C  
B,VAL,O  
B,VAL,CB 
B,VAL,CG1
B,VAL,CG2
B,ILE,N  
B,ILE,CA 
B,ILE,C  
B,ILE,O  
B,ILE,CB 
B,ILE,CG1
B,ILE,CG2
B,ILE,CD1
B,THR,N  
B,THR,CA 
B,THR,C  
B,THR,O  
B,THR,CB 
B,THR,OG1
B,THR,CG2
B,LYS,N  
B,LYS,CA 
B,LYS,C  
B,LYS,O  
B,LYS,CB 
B,LYS,CG 
B,LYS,CD 
B,LYS,CE 
B,LYS,NZ 
B,ASP,N  
B,ASP,CA 
B,ASP,C  
B,ASP,O  
B,ASP,CB 
B,ASP,CG 
B,ASP,OD1
B,ASP,OD2
B,GLU,N  
B,GLU,CA 
B,GLU,C  
B,GLU,O  
B,GLU,CB 
B,GLU,CG 
B,GLU,CD 
B,GLU,OE1
B,GLU,OE2
B,ALA,N  
B,ALA,CA 
B,ALA,C  
B,ALA,O  
B,ALA,CB 
B,GLU,N  
B,GLU,CA 
B,GLU,C  
B,GLU,O  
B,GLU,CB 
B,GLU,CG 
B,GLU,CD 
B,GLU,OE1
B,GLU,OE2
B,LYS,N  
B,LYS,CA 
B,LYS,C  
B,LYS,O  
B,LYS,CB 
B,LYS,CG 
B,LYS,CD 
B,LYS,CE 
B,LYS,NZ 
B,LEU,N  
B,LEU,CA 
B,LEU,C  
B,LEU,O  
B,LEU,CB 
B,LEU,CG 
B,LEU,CD1
B,LEU,CD2
B,PHE,N  
B,PHE,CA 
B,PHE,C  
B,PHE,O  
B,PHE,CB 
B,PHE,CG 
B,PHE,CD1
B,PHE,CD2
B,PHE,CE1
B,PHE,CE2
B,PHE,CZ 
B,ASN,N  
B,ASN,CA 
B,ASN,C  
B,ASN,O  
B,ASN,CB 
B,ASN,CG 
B,ASN,OD1
B,ASN,ND2
B,GLN,N  
B,GLN,CA 
B,GLN,C  
B,GLN,O  
B,GLN,CB 
B,GLN,CG 
B,GLN,CD 
B,GLN,OE1
B,GLN,NE2
B,ASP,N  
B,ASP,CA 
B,ASP,C  
B,ASP,O  
B,ASP,CB 
B,ASP,CG 
B,ASP,OD1
B,ASP,OD2
B,VAL,N  
B,VAL,CA 
B,VAL,C  
B,VAL,O  
B,VAL,CB 
B,VAL,CG1
B,VAL,CG2
B,ASP,N  
B,ASP,CA 
B,ASP,C  
B,ASP,O  
B,ASP,CB 
B,ASP,CG 
B,ASP,OD1
B,ASP,OD2
B,ALA,N  
B,ALA,CA 
B,ALA,C  
B,ALA,O  
B,ALA,CB 
B,ALA,N  
B,ALA,CA 
B,ALA,C  
B,ALA,O  
B,ALA,CB 
B,VAL,N  
B,VAL,CA 
B,VAL,C  
B,VAL,O  
B,VAL,CB 
B,VAL,CG1
B,VAL,CG2
B,ARG,N  
B,ARG,CA 
B,ARG,C  
B,ARG,O  
B,ARG,CB 
B,ARG,CG 
B,ARG,CD 
B,ARG,NE 
B,ARG,CZ 
B,ARG,NH1
B,ARG,NH2
B,GLY,N  
B,GLY,CA 
B,GLY,C  
B,GLY,O  
B,ILE,N  
B,ILE,CA 
B,ILE,C  
B,ILE,O  
B,ILE,CB 
B,ILE,CG1
B,ILE,CG2
B,ILE,CD1
B,LEU,N  
B,LEU,CA 
B,LEU,C  
B,LEU,O  
B,LEU,CB 
B,LEU,CG 
B,LEU,CD1
B,LEU,CD2
B,ARG,N  
B,ARG,CA 
B,ARG,C  
B,ARG,O  
B,ARG,CB 
B,ARG,CG 
B,ARG,CD 
B,ARG,NE 
B,ARG,CZ 
B,ARG,NH1
B,ARG,NH2
B,ASN,N  
B,ASN,CA 
B,ASN,C  
B,ASN,O  
B,ASN,CB 
B,ASN,CG 
B,ASN,OD1
B,ASN,ND2
B,ALA,N  
B,ALA,CA 
B,ALA,C  
B,ALA,O  
B,ALA,CB 
B,LYS,N  
B,LYS,CA 
B,LYS,C  
B,LYS,O  
B,LYS,CB 
B,LYS,CG 
B,LYS,CD 
B,LYS,CE 
B,LYS,NZ 
B,LEU,N  
B,LEU,CA 
B,LEU,C  
B,LEU,O  
B,LEU,CB 
B,LEU,CG 
B,LEU,CD1
B,LEU,CD2
B,LYS,N  
B,LYS,CA 
B,LYS,C  
B,LYS,O  
B,LYS,CB 
B,LYS,CG 
B,LYS,CD 
B,LYS,CE 
B,LYS,NZ 
B,PRO,N  
B,PRO,CA 
B,PRO,C  
B,PRO,O  
B,PRO,CB 
B,PRO,CG 
B,PRO,CD 
B,VAL,N  
B,VAL,CA 
B,VAL,C  
B,VAL,O  
B,VAL,CB 
B,VAL,CG1
B,VAL,CG2
B,TYR,N  
B,TYR,CA 
B,TYR,C  
B,TYR,O  
B,TYR,CB 
B,TYR,CG 
B,TYR,CD1
B,TYR,CD2
B,TYR,CE1
B,TYR,CE2
B,TYR,CZ 
B,TYR,OH 
B,ASP,N  
B,ASP,CA 
B,ASP,C  
B,ASP,O  
B,ASP,CB 
B,ASP,CG 
B,ASP,OD1
B,ASP,OD2
B,SER,N  
B,SER,CA 
B,SER,C  
B,SER,O  
B,SER,CB 
B,SER,OG 
B,LEU,N  
B,LEU,CA 
B,LEU,C  
B,LEU,O  
B,LEU,CB 
B,LEU,CG 
B,LEU,CD1
B,LEU,CD2
B,ASP,N  
B,ASP,CA 
B,ASP,C  
B,ASP,O  
B,ASP,CB 
B,ASP,CG 
B,ASP,OD1
B,ASP,OD2
B,ALA,N  
B,ALA,CA 
B,ALA,C  
B,ALA,O  
B,ALA,CB 
B,VAL,N  
B,VAL,CA 
B,VAL,C  
B,VAL,O  
B,VAL,CB 
B,VAL,CG1
B,VAL,CG2
B,ARG,N  
B,ARG,CA 
B,ARG,C  
B,ARG,O  
B,ARG,CB 
B,ARG,CG 
B,ARG,CD 
B,ARG,NE 
B,ARG,CZ 
B,ARG,NH1
B,ARG,NH2
B,ARG,N  
B,ARG,CA 
B,ARG,C  
B,ARG,O  
B,ARG,CB 
B,ARG,CG 
B,ARG,CD 
B,ARG,NE 
B,ARG,CZ 
B,ARG,NH1
B,ARG,NH2
B,ALA,N  
B,ALA,CA 
B,ALA,C  
B,ALA,O  
B,ALA,CB 
B,ALA,N  
B,ALA,CA 
B,ALA,C  
B,ALA,O  
B,ALA,CB 
B,LEU,N  
B,LEU,CA 
B,LEU,C  
B,LEU,O  
B,LEU,CB 
B,LEU,CG 
B,LEU,CD1
B,LEU,CD2
B,ILE,N  
B,ILE,CA 
B,ILE,C  
B,ILE,O  
B,ILE,CB 
B,ILE,CG1
B,ILE,CG2
B,ILE,CD1
B,ASN,N  
B,ASN,CA 
B,ASN,C  
B,ASN,O  
B,ASN,CB 
B,ASN,CG 
B,ASN,OD1
B,ASN,ND2
B,MET,N  
B,MET,CA 
B,MET,C  
B,MET,O  
B,MET,CB 
B,MET,CG 
B,MET,SD 
B,MET,CE 
B,VAL,N  
B,VAL,CA 
B,VAL,C  
B,VAL,O  
B,VAL,CB 
B,VAL,CG1
B,VAL,CG2
B,PHE,N  
B,PHE,CA 
B,PHE,C  
B,PHE,O  
B,PHE,CB 
B,PHE,CG 
B,PHE,CD1
B,PHE,CD2
B,PHE,CE1
B,PHE,CE2
B,PHE,CZ 
B,GLN,N  
B,GLN,CA 
B,GLN,C  
B,GLN,O  
B,GLN,CB 
B,GLN,CG 
B,GLN,CD 
B,GLN,OE1
B,GLN,NE2
B,MET,N  
B,MET,CA 
B,MET,C  
B,MET,O  
B,MET,CB 
B,MET,CG 
B,MET,SD 
B,MET,CE 
B,GLY,N  
B,GLY,CA 
B,GLY,C  
B,GLY,O  
B,GLU,N  
B,GLU,CA 
B,GLU,C  
B,GLU,O  
B,GLU,CB 
B,GLU,CG 
B,GLU,CD 
B,GLU,OE1
B,GLU,OE2
B,THR,N  
B,THR,CA 
B,THR,C  
B,THR,O  
B,THR,CB 
B,THR,OG1
B,THR,CG2
B,GLY,N  
B,GLY,CA 
B,GLY,C  
B,GLY,O  
B,VAL,N  
B,VAL,CA 
B,VAL,C  
B,VAL,O  
B,VAL,CB 
B,VAL,CG1
B,VAL,CG2
B,ALA,N  
B,ALA,CA 
B,ALA,C  
B,ALA,O  
B,ALA,CB 
B,GLY,N  
B,GLY,CA 
B,GLY,C  
B,GLY,O  
B,PHE,N  
B,PHE,CA 
B,PHE,C  
B,PHE,O  
B,PHE,CB 
B,PHE,CG 
B,PHE,CD1
B,PHE,CD2
B,PHE,CE1
B,PHE,CE2
B,PHE,CZ 
B,THR,N  
B,THR,CA 
B,THR,C  
B,THR,O  
B,THR,CB 
B,THR,OG1
B,THR,CG2
B,ASN,N  
B,ASN,CA 
B,ASN,C  
B,ASN,O  
B,ASN,CB 
B,ASN,CG 
B,ASN,OD1
B,ASN,ND2
B,SER,N  
B,SER,CA 
B,SER,C  
B,SER,O  
B,SER,CB 
B,SER,OG 
B,LEU,N  
B,LEU,CA 
B,LEU,C  
B,LEU,O  
B,LEU,CB 
B,LEU,CG 
B,LEU,CD1
B,LEU,CD2
B,ARG,N  
B,ARG,CA 
B,ARG,C  
B,ARG,O  
B,ARG,CB 
B,ARG,CG 
B,ARG,CD 
B,ARG,NE 
B,ARG,CZ 
B,ARG,NH1
B,ARG,NH2
B,MET,N  
B,MET,CA 
B,MET,C  
B,MET,O  
B,MET,CB 
B,MET,CG 
B,MET,SD 
B,MET,CE 
B,LEU,N  
B,LEU,CA 
B,LEU,C  
B,LEU,O  
B,LEU,CB 
B,LEU,CG 
B,LEU,CD1
B,LEU,CD2
B,GLN,N  
B,GLN,CA 
B,GLN,C  
B,GLN,O  
B,GLN,CB 
B,GLN,CG 
B,GLN,CD 
B,GLN,OE1
B,GLN,NE2
B,GLN,N  
B,GLN,CA 
B,GLN,C  
B,GLN,O  
B,GLN,CB 
B,GLN,CG 
B,GLN,CD 
B,GLN,OE1
B,GLN,NE2
B,LYS,N  
B,LYS,CA 
B,LYS,C  
B,LYS,O  
B,LYS,CB 
B,LYS,CG 
B,LYS,CD 
B,LYS,CE 
B,LYS,NZ 
B,ARG,N  
B,ARG,CA 
B,ARG,C  
B,ARG,O  
B,ARG,CB 
B,ARG,CG 
B,ARG,CD 
B,ARG,NE 
B,ARG,CZ 
B,ARG,NH1
B,ARG,NH2
B,TRP,N  
B,TRP,CA 
B,TRP,C  
B,TRP,O  
B,TRP,CB 
B,TRP,CG 
B,TRP,CD1
B,TRP,CD2
B,TRP,NE1
B,TRP,CE2
B,TRP,CE3
B,TRP,CZ2
B,TRP,CZ3
B,TRP,CH2
B,ASP,N  
B,ASP,CA 
B,ASP,C  
B,ASP,O  
B,ASP,CB 
B,ASP,CG 
B,ASP,OD1
B,ASP,OD2
B,GLU,N  
B,GLU,CA 
B,GLU,C  
B,GLU,O  
B,GLU,CB 
B,GLU,CG 
B,GLU,CD 
B,GLU,OE1
B,GLU,OE2
B,ALA,N  
B,ALA,CA 
B,ALA,C  
B,ALA,O  
B,ALA,CB 
B,ALA,N  
B,ALA,CA 
B,ALA,C  
B,ALA,O  
B,ALA,CB 
B,VAL,N  
B,VAL,CA 
B,VAL,C  
B,VAL,O  
B,VAL,CB 
B,VAL,CG1
B,VAL,CG2
B,ASN,N  
B,ASN,CA 
B,ASN,C  
B,ASN,O  
B,ASN,CB 
B,ASN,CG 
B,ASN,OD1
B,ASN,ND2
B,LEU,N  
B,LEU,CA 
B,LEU,C  
B,LEU,O  
B,LEU,CB 
B,LEU,CG 
B,LEU,CD1
B,LEU,CD2
B,ALA,N  
B,ALA,CA 
B,ALA,C  
B,ALA,O  
B,ALA,CB 
B,LYS,N  
B,LYS,CA 
B,LYS,C  
B,LYS,O  
B,LYS,CB 
B,LYS,CG 
B,LYS,CD 
B,LYS,CE 
B,LYS,NZ 
B,SER,N  
B,SER,CA 
B,SER,C  
B,SER,O  
B,SER,CB 
B,SER,OG 
B,ARG,N  
B,ARG,CA 
B,ARG,C  
B,ARG,O  
B,ARG,CB 
B,ARG,CG 
B,ARG,CD 
B,ARG,NE 
B,ARG,CZ 
B,ARG,NH1
B,ARG,NH2
B,TRP,N  
B,TRP,CA 
B,TRP,C  
B,TRP,O  
B,TRP,CB 
B,TRP,CG 
B,TRP,CD1
B,TRP,CD2
B,TRP,NE1
B,TRP,CE2
B,TRP,CE3
B,TRP,CZ2
B,TRP,CZ3
B,TRP,CH2
B,TYR,N  
B,TYR,CA 
B,TYR,C  
B,TYR,O  
B,TYR,CB 
B,TYR,CG 
B,TYR,CD1
B,TYR,CD2
B,TYR,CE1
B,TYR,CE2
B,TYR,CZ 
B,TYR,OH 
B,ASN,N  
B,ASN,CA 
B,ASN,C  
B,ASN,O  
B,ASN,CB 
B,ASN,CG 
B,ASN,OD1
B,ASN,ND2
B,GLN,N  
B,GLN,CA 
B,GLN,C  
B,GLN,O  
B,GLN,CB 
B,GLN,CG 
B,GLN,CD 
B,GLN,OE1
B,GLN,NE2
B,THR,N  
B,THR,CA 
B,THR,C  
B,THR,O  
B,THR,CB 
B,THR,OG1
B,THR,CG2
B,PRO,N  
B,PRO,CA 
B,PRO,C  
B,PRO,O  
B,PRO,CB 
B,PRO,CG 
B,PRO,CD 
B,ASN,N  
B,ASN,CA 
B,ASN,C  
B,ASN,O  
B,ASN,CB 
B,ASN,CG 
B,ASN,OD1
B,ASN,ND2
B,ARG,N  
B,ARG,CA 
B,ARG,C  
B,ARG,O  
B,ARG,CB 
B,ARG,CG 
B,ARG,CD 
B,ARG,NE 
B,ARG,CZ 
B,ARG,NH1
B,ARG,NH2
B,ALA,N  
B,ALA,CA 
B,ALA,C  
B,ALA,O  
B,ALA,CB 
B,LYS,N  
B,LYS,CA 
B,LYS,C  
B,LYS,O  
B,LYS,CB 
B,LYS,CG 
B,LYS,CD 
B,LYS,CE 
B,LYS,NZ 
B,ARG,N  
B,ARG,CA 
B,ARG,C  
B,ARG,O  
B,ARG,CB 
B,ARG,CG 
B,ARG,CD 
B,ARG,NE 
B,ARG,CZ 
B,ARG,NH1
B,ARG,NH2
B,VAL,N  
B,VAL,CA 
B,VAL,C  
B,VAL,O  
B,VAL,CB 
B,VAL,CG1
B,VAL,CG2
B,ILE,N  
B,ILE,CA 
B,ILE,C  
B,ILE,O  
B,ILE,CB 
B,ILE,CG1
B,ILE,CG2
B,ILE,CD1
B,THR,N  
B,THR,CA 
B,THR,C  
B,THR,O  
B,THR,CB 
B,THR,OG1
B,THR,CG2
B,THR,N  
B,THR,CA 
B,THR,C  
B,THR,O  
B,THR,CB 
B,THR,OG1
B,THR,CG2
B,PHE,N  
B,PHE,CA 
B,PHE,C  
B,PHE,O  
B,PHE,CB 
B,PHE,CG 
B,PHE,CD1
B,PHE,CD2
B,PHE,CE1
B,PHE,CE2
B,PHE,CZ 
B,ARG,N  
B,ARG,CA 
B,ARG,C  
B,ARG,O  
B,ARG,CB 
B,ARG,CG 
B,ARG,CD 
B,ARG,NE 
B,ARG,CZ 
B,ARG,NH1
B,ARG,NH2
B,THR,N  
B,THR,CA 
B,THR,C  
B,THR,O  
B,THR,CB 
B,THR,OG1
B,THR,CG2
B,GLY,N  
B,GLY,CA 
B,GLY,C  
B,GLY,O  
B,THR,N  
B,THR,CA 
B,THR,C  
B,THR,O  
B,THR,CB 
B,THR,OG1
B,THR,CG2
B,TRP,N  
B,TRP,CA 
B,TRP,C  
B,TRP,O  
B,TRP,CB 
B,TRP,CG 
B,TRP,CD1
B,TRP,CD2
B,TRP,NE1
B,TRP,CE2
B,TRP,CE3
B,TRP,CZ2
B,TRP,CZ3
B,TRP,CH2
B,ASP,N  
B,ASP,CA 
B,ASP,C  
B,ASP,O  
B,ASP,CB 
B,ASP,CG 
B,ASP,OD1
B,ASP,OD2
B,ALA,N  
B,ALA,CA 
B,ALA,C  
B,ALA,O  
B,ALA,CB 
B,TYR,N  
B,TYR,CA 
B,TYR,C  
B,TYR,O  
B,TYR,CB 
B,TYR,CG 
B,TYR,CD1
B,TYR,CD2
B,TYR,CE1
B,TYR,CE2
B,TYR,CZ 
B,TYR,OH 
B,LYS,N  
B,LYS,CA 
B,LYS,C  
B,LYS,O  
B,LYS,CB 
B,LYS,CG 
B,LYS,CD 
B,LYS,CE 
B,LYS,NZ 
